ID,Тип,Артикул,Имя,Описание,Изображение,Названия атрибутов,Значения атрибутов
31067662,Обувь,31067662,кроссовки ReactX Rejuven8 Midnight Navy/Comet Blue,"голубой эффект омбре перфорация ребристая подошва без застежки логотип Swoosh изогнутая форма Эта модель представлена на маркетплейсе, где можно найти самые редкие модели кроссовок. Эта модель представлена на маркетплейсе, где можно найти самые редкие модели кроссовок, о которых мечтают коллекционеры и любители streetwear по всему миру.",https://cdn-images.farfetch-contents.com/31/06/76/62/31067662_60972405_1000.jpg,Стиль;Aesthetics,На каждый день;classic
24184032,Обувь,24184032,кроссовки Cloudtilt Black/Ivory,"белый/черный система быстрой шнуровки сетчатый верх уплотненная щиколотка логотип сбоку закругленный носок стелька с логотипом подошва CloudTec Phase™? массивная резиновая подошва Эта модель представлена на маркетплейсе, где можно найти самые редкие модели кроссовок. Эта модель представлена на маркетплейсе, где можно найти самые редкие модели кроссовок, о которых мечтают коллекционеры и любители streetwear по всему миру.",https://cdn-images.farfetch-contents.com/24/18/40/32/24184032_58380925_1000.jpg,Conscious;Стиль,Оценка Good On You: 3 из 5;На каждый день
31036292,Обувь,31036292,кроссовки Cloudtilt LOEWE 2,"белый/зеленый подошва CloudTec® шнуровка текстильный верх петля для подтягивания низкая щиколотка Эта модель представлена на маркетплейсе, где можно найти самые редкие модели кроссовок. Эта модель представлена на маркетплейсе, где можно найти самые редкие модели кроссовок, о которых мечтают коллекционеры и любители streetwear по всему миру.",https://cdn-images.farfetch-contents.com/31/03/62/92/31036292_61322830_1000.jpg,Стиль;Aesthetics,На каждый день;streetwear
31531468,Обувь,31531468,кроссовки Vomero 18 Black,"черный амортизация Zoom Air сетчатый верх шнуровка резиновая подошва скульптурная подошва Эта модель представлена на маркетплейсе, где можно найти самые редкие модели кроссовок. Эта модель представлена на маркетплейсе, где можно найти самые редкие модели кроссовок, о которых мечтают коллекционеры и любители streetwear по всему миру.",https://cdn-images.farfetch-contents.com/31/53/14/68/31531468_60899037_1000.jpg,Стиль;Знаковые модели;Aesthetics,На каждый день;zoom;classic
23972821,Обувь,23972821,кроссовки Dunk Low NBA Paris,"оливково-зеленый/белый кожа/искусственная кожа логотип Nike Swoosh логотип сбоку нашивка с логотипом на язычке контрастный задник с логотипом дизайн колор-блок закругленный носок перфорированный носок шнуровка спереди уплотненная щиколотка стелька с логотипом промежуточная амортизирующая подошва резиновая подошва Эта модель представлена на маркетплейсе, где можно найти самые редкие модели кроссовок. Эта модель представлена на маркетплейсе, где можно найти самые редкие модели кроссовок, о которых мечтают коллекционеры и любители streetwear по всему миру.",https://cdn-images.farfetch-contents.com/23/97/28/21/23972821_54101774_1000.jpg,Conscious;Стиль;Aesthetics;Знаковые модели,Оценка Good On You: 3 из 5;На каждый день;streetwear;dunk
29997464,Обувь,29997464,кроссовки Mach 6,черный шнуровка спереди резиновая подошва логотип сбоку миндалевидный носок,https://cdn-images.farfetch-contents.com/29/99/74/64/29997464_59362561_1000.jpg,Стиль;Aesthetics,На каждый день;streetwear
20138446,Обувь,20138446,кроссовки Shaq Attaq,"Расцветка Cloud White, расцветка Core Black, золотистый, контрастные вставки, стиль колор-блок, перфорация, вышитый логотип сбоку, шнуровка спереди, задник с логотипом, тисненый логотип на язычке, закругленный носок, стелька с логотипом и массивная резиновая подошва.",https://cdn-images.farfetch-contents.com/20/13/84/46/20138446_51336413_1000.jpg,Стиль;Aesthetics;Форма носка;Материал и состав,На каждый день;streetwear;Круглый;Кожа
31597006,Обувь,31597006,кроссовки Tokyo из коллаборации с Y-3,черный кожаный верх три полоски знаковый логотип закругленный носок плоская подошва,https://cdn-images.farfetch-contents.com/31/59/70/06/31597006_60963566_1000.jpg,Стиль;Aesthetics,На каждый день;edgy
30629206,Обувь,30629206,кроссовки со вставками,зеленый вставки из замши и кожи черные вставки шнуровка подошва с заклепками,https://cdn-images.farfetch-contents.com/30/62/92/06/30629206_60757494_1000.jpg,Стиль;Aesthetics,На каждый день;edgy
27582434,Обувь,27582434,кроссовки Gel-1130 Sheet Rock Black,"антрацитово-серый шнуровка спереди полоски Tiger закругленный носок язычок с логотипом стелька с логотипом резиновая подошва знаковая технология TRUSSTIC™ знаковая технология GEL™ Эта модель представлена на маркетплейсе, где можно найти самые редкие модели кроссовок. Эта модель представлена на маркетплейсе, где можно найти самые редкие модели кроссовок, о которых мечтают коллекционеры и любители streetwear по всему миру.",https://cdn-images.farfetch-contents.com/27/58/24/34/27582434_58563568_1000.jpg,Conscious,Оценка Good On You: 3 из 5
31378062,Обувь,31378062,кроссовки CloudSwift 4,светло-серый шнуровка петля для подтягивания низкая модель,https://cdn-images.farfetch-contents.com/31/37/80/62/31378062_60918198_1000.jpg,Стиль;Aesthetics,На каждый день;streetwear
29565163,Обувь,29565163,кроссовки Yamano 3,темно-синий шнуровка спереди логотип на стельке,https://cdn-images.farfetch-contents.com/29/56/51/63/29565163_58894849_1000.jpg,Стиль,На каждый день
24433524,Обувь,24433524,кроссовки 2002R,черный/разноцветный телячья кожа дизайн со вставками сетчатые вставки светоотражающие детали нашивка с логотипом сбоку вышитый логотип спереди нашивка с логотипом на язычке логотип на пятке перфорация закругленный носок шнуровка спереди сетчатая подкладка уплотненная щиколотка стелька с логотипом массивная резиновая подошва подошва с технологией N-ergy,https://cdn-images.farfetch-contents.com/24/43/35/24/24433524_54559704_1000.jpg,Стиль;Aesthetics;Conscious;Знаковые модели,На каждый день;streetwear;Оценка Good On You: 3 из 5;2002R
30032095,Обувь,30032095,кроссовки Progrid Omni 9,пепельно-серый шнуровка спереди массивная резиновая подошва дизайн колор-блок,https://cdn-images.farfetch-contents.com/30/03/20/95/30032095_59361268_1000.jpg,Детали;Высота каблука;Aesthetics;Стиль;Материал и состав;Форма носка,На шнуровке;Плоский;streetwear;На каждый день;Синтетический материал;Круглый
31239361,Обувь,31239361,футбольные бутсы Spotlight Lux Mc Le Usa Blue/Red,"синий узор с изображением звезд красные вставки высокий крой шнуровка подошва с протектором Эта модель представлена на маркетплейсе, где можно найти самые редкие модели кроссовок. Эта модель представлена на маркетплейсе, где можно найти самые редкие модели кроссовок, о которых мечтают коллекционеры и любители streetwear по всему миру.",https://cdn-images.farfetch-contents.com/31/23/93/61/31239361_60545327_1000.jpg,Стиль;Aesthetics,На каждый день;streetwear
28062948,Обувь,28062948,кроссовки Bondi 9,"белый трикотажный верх низкая модель шнуровка логотип сбоку Эта модель представлена на маркетплейсе, где можно найти самые редкие модели кроссовок. Эта модель представлена на маркетплейсе, где можно найти самые редкие модели кроссовок, о которых мечтают коллекционеры и любители streetwear по всему миру.",https://cdn-images.farfetch-contents.com/28/06/29/48/28062948_59703633_1000.jpg,Стиль;Aesthetics,На каждый день;streetwear
31628468,Обувь,31628468,кроссовки GEL-Quantum 360 I AMP Pale Oak/Wool,"оттенок Pale Oak ткань в рубчик замшевые вставки амортизация GEL шнуровка низкая модель Эта модель представлена на маркетплейсе, где можно найти самые редкие модели кроссовок. Эта модель представлена на маркетплейсе, где можно найти самые редкие модели кроссовок, о которых мечтают коллекционеры и любители streetwear по всему миру.",https://cdn-images.farfetch-contents.com/31/62/84/68/31628468_60987297_1000.jpg,Стиль;Aesthetics,На каждый день;streetwear
29930294,Обувь,29930294,кроссовки Cloudtilt 2 All White из коллаборации с Loewe,"белый шнуровка спереди петля для подтягивания сзади тисненый узор Anagram нашивка с логотипом на язычке закругленный носок стелька с логотипом знаковая технология CloudTec® резиновая подошва Эта модель представлена на маркетплейсе, где можно найти самые редкие модели кроссовок. Эта модель представлена на маркетплейсе, где можно найти самые редкие модели кроссовок, о которых мечтают коллекционеры и любители streetwear по всему миру.",https://cdn-images.farfetch-contents.com/29/93/02/94/29930294_59103052_1000.jpg,Стиль;Aesthetics,На каждый день;streetwear
28018203,Обувь,28018203,кроссовки Cloudvista 2 Cream Desert,"светло-бежевый шнуровка спереди сетчатые вставки логотип сбоку язычок с логотипом закругленный носок пластина Speedboard™ знаковая технология CloudTec® резиновая подошва Эта модель представлена на маркетплейсе, где можно найти самые редкие модели кроссовок. Эта модель представлена на маркетплейсе, где можно найти самые редкие модели кроссовок, о которых мечтают коллекционеры и любители streetwear по всему миру.",https://cdn-images.farfetch-contents.com/28/01/82/03/28018203_58893974_1000.jpg,Высота каблука;Форма носка;Материал и состав,Плоский;Миндалевидный;Синтетический материал
30970646,Обувь,30970646,кроссовки с полосками,бежевый кожа три черные полоски петля для подтягивания резиновая подошва шнуровка,https://cdn-images.farfetch-contents.com/30/97/06/46/30970646_60846574_1000.jpg,Стиль;Детали;Высота каблука;Форма носка;Aesthetics;Материал и состав,На каждый день;На шнуровке;Плоский;Миндалевидный;minimal;Кожа
31223187,Обувь,31223187,Cloudsurfer Trail 2 waterproof sneakers,black waterproof cloudtec sole lace-up fastening swiss engineering detail low-top design,https://cdn-images.farfetch-contents.com/31/22/31/87/31223187_60786365_1000.jpg,Стиль;Aesthetics,На каждый день;edgy
23785896,Обувь,23785896,кроссовки Lebron Witness 7 Bred,"черный шнуровка спереди дизайн со вставками логотип на пятке петля для подтягивания сзади логотип Nike Swoosh закругленный носок резиновая подошва Дата выхода: 26 апреля 2024 Эта модель представлена на маркетплейсе, где можно найти самые редкие модели кроссовок. Эта модель представлена на маркетплейсе, где можно найти самые редкие модели кроссовок, о которых мечтают коллекционеры и любители streetwear по всему миру.",https://cdn-images.farfetch-contents.com/23/78/58/96/23785896_59641621_1000.jpg,Conscious;Знаковые модели;Стиль;Aesthetics,Оценка Good On You: 3 из 5;lebron;На каждый день;streetwear
27653439,Обувь,27653439,кроссовки Adizero Evo SL White/Black,"белый сетчатый дизайн шнуровка спереди логотип на пятке знаковый логотип 3-Stripes закругленный носок стелька с логотипом резиновая подошва Эта модель представлена на маркетплейсе, где можно найти самые редкие модели кроссовок. Эта модель представлена на маркетплейсе, где можно найти самые редкие модели кроссовок, о которых мечтают коллекционеры и любители streetwear по всему миру.",https://cdn-images.farfetch-contents.com/27/65/34/39/27653439_58380970_1000.jpg,Стиль,На каждый день
30679492,Обувь,30679492,кроссовки FuelCell SuperComp Elite v4,белый темно-синий логотип N подошва FuelCell верх с узором верх PhantomFit шнуровка,https://cdn-images.farfetch-contents.com/30/67/94/92/30679492_61058856_1000.jpg,Стиль;Aesthetics,На каждый день;streetwear
28770704,Обувь,28770704,кроссовки Bondi 8 TS,черный шнуровка спереди петля для подтягивания сзади промежуточная амортизирующая подошва резиновая подошва,https://cdn-images.farfetch-contents.com/28/77/07/04/28770704_58253881_1000.jpg,Стиль;Детали;Высота каблука;Форма носка,На каждый день;На шнуровке;Плоский;Круглый
30047197,Обувь,30047197,кроссовки Zoom Vomero 5 Platinum Tint,"лиловый шнуровка спереди дизайн со вставками сетчатые вставки логотип на пятке логотип Nike Swoosh нашивка с логотипом на язычке закругленный носок уплотненная щиколотка технология Zoom Air резиновая подошва Эта модель представлена на маркетплейсе, где можно найти самые редкие модели кроссовок. Эта модель представлена на маркетплейсе, где можно найти самые редкие модели кроссовок, о которых мечтают коллекционеры и любители streetwear по всему миру.",https://cdn-images.farfetch-contents.com/30/04/71/97/30047197_59109090_1000.jpg,Знаковые модели;Стиль;Aesthetics,zoom;На каждый день;streetwear
28876430,Обувь,28876430,кроссовки GT-1000 Cranberry,"красный шнуровка спереди сетчатый дизайн язычок с логотипом закругленный носок стелька с логотипом промежуточная подошва FlyteFoam резиновая подошва Эта модель представлена на маркетплейсе, где можно найти самые редкие модели кроссовок. Эта модель представлена на маркетплейсе, где можно найти самые редкие модели кроссовок, о которых мечтают коллекционеры и любители streetwear по всему миру.",https://cdn-images.farfetch-contents.com/28/87/64/30/28876430_58348863_1000.jpg,Стиль,На каждый день
30738401,Обувь,30738401,кроссовки Harden Vol. 9 Red Metallic,"красный скульптурные крылья модель средней высоты шнуровка ребристая подошва задник из углеродного волокна Эта модель представлена на маркетплейсе, где можно найти самые редкие модели кроссовок. Эта модель представлена на маркетплейсе, где можно найти самые редкие модели кроссовок, о которых мечтают коллекционеры и любители streetwear по всему миру.",https://cdn-images.farfetch-contents.com/30/73/84/01/30738401_61269585_1000.jpg,Стиль;Aesthetics,На каждый день;streetwear
28367638,Обувь,28367638,кроссовки GT-2160 Pure Silver/White,"белый шнуровка спереди сетчатый дизайн логотип-аппликация нашивка с логотипом на язычке закругленный носок знаковая технология GEL™ стелька с логотипом массивная резиновая подошва Эта модель представлена на маркетплейсе, где можно найти самые редкие модели кроссовок. Эта модель представлена на маркетплейсе, где можно найти самые редкие модели кроссовок, о которых мечтают коллекционеры и любители streetwear по всему миру.",https://cdn-images.farfetch-contents.com/28/36/76/38/28367638_58274594_1000.jpg,Материал и состав,Синтетический материал
25566481,Обувь,25566481,кроссовки NPC UK Collegiate Navy из коллаборации с The Good Company,"темно-синий замша из телячьей кожи шнуровка спереди логотип на пятке нашивка с логотипом на язычке закругленный носок стелька с логотипом логотип на подошве резиновая подошва Эта модель представлена на маркетплейсе, где можно найти самые редкие модели кроссовок. Эта модель представлена на маркетплейсе, где можно найти самые редкие модели кроссовок, о которых мечтают коллекционеры и любители streetwear по всему миру.",https://cdn-images.farfetch-contents.com/25/56/64/81/25566481_55666024_1000.jpg,Стиль;Aesthetics,На каждый день;minimal
28123226,Обувь,28123226,кроссовки Book 1 Sedona,"желто-оранжевый шнуровка спереди тональная строчка логотип Nike Swoosh технология Zoom Air закругленный носок стелька с логотипом резиновая подошва Эта модель представлена на маркетплейсе, где можно найти самые редкие модели кроссовок. Эта модель представлена на маркетплейсе, где можно найти самые редкие модели кроссовок, о которых мечтают коллекционеры и любители streetwear по всему миру.",https://cdn-images.farfetch-contents.com/28/12/32/26/28123226_58447432_1000.jpg,Стиль;Знаковые модели,На каждый день;zoom
31580293,Обувь,31580293, кроссовки FuelCell Rebel v5,черный подошва FuelCell сетчатый верх светоотражающие вставки шнуровка резиновая подошва,https://cdn-images.farfetch-contents.com/31/58/02/93/31580293_61056939_1000.jpg,Стиль;Aesthetics,На каждый день;streetwear
28617445,Обувь,28617445,кроссовки XT-6 Gore-Tex,серо-бежевый застежка тогл спереди уплотненная щиколотка резиновая подошва с протектором логотип сбоку,https://cdn-images.farfetch-contents.com/28/61/74/45/28617445_58348742_1000.jpg,Стиль;Детали;Высота каблука;Форма носка;Материал и состав,На каждый день;На шнуровке;Плоский;Круглый;Синтетический материал
30971214,Обувь,30971214,кроссовки с полосками,коричневый плетеный верх три коричневые полоски петля для подтягивания резиновая подошва шнуровка,https://cdn-images.farfetch-contents.com/30/97/12/14/30971214_60850450_1000.jpg,Стиль;Детали;Высота каблука;Форма носка;Aesthetics;Материал и состав,На каждый день;На шнуровке;Плоский;Миндалевидный;classic;Кожа
29616594,Обувь,29616594,кроссовки Cloudnova Form 2,сине-серый шнуровка спереди бегунок с логотипом массивная резиновая подошва уплотненная щиколотка,https://cdn-images.farfetch-contents.com/29/61/65/94/29616594_58676496_1000.jpg,,
31068443,Обувь,31068443,кроссовки MVP 92 Black/Wolf Grey,"черный замшевый верх фактурные накладки перфорация логотип Nike Air резиновая подошва Эта модель представлена на маркетплейсе, где можно найти самые редкие модели кроссовок. Эта модель представлена на маркетплейсе, где можно найти самые редкие модели кроссовок, о которых мечтают коллекционеры и любители streetwear по всему миру.",https://cdn-images.farfetch-contents.com/31/06/84/43/31068443_61096056_1000.jpg,Стиль;Aesthetics,На каждый день;streetwear
29696180,Обувь,29696180,кроссовки GT-2160 Papaya/Pure Silver,персиково-оранжевый сетчатый дизайн шнуровка спереди логотип на пятке закругленный носок массивная резиновая подошва,https://cdn-images.farfetch-contents.com/29/69/61/80/29696180_59265968_1000.jpg,Aesthetics,streetwear
21923459,Обувь,21923459,кроссовки Cloudrunner 2,черный сетчатые вставки водонепроницаемый материал логотип сбоку тисненый логотип на язычке шнуровка спереди закругленный носок знаковая технология CloudTec® вспененный материал Helion™ резиновая подошва,https://cdn-images.farfetch-contents.com/21/92/34/59/21923459_53974601_1000.jpg,Conscious;Стиль;Aesthetics,Оценка Good On You: 3 из 5;На каждый день;classic
29377794,Обувь,29377794,кроссовки Wave Skyrise 6,светло-серый шнуровка спереди логотип сбоку нашивка с логотипом на язычке плоская подошва,https://cdn-images.farfetch-contents.com/29/37/77/94/29377794_58457115_1000.jpg,Стиль,На каждый день
31628506,Обувь,31628506,кроссовки Astro Grabber QS Soft Yellow/Black,"светло-желтый черный логотип Swoosh резиновая подошва шнуровка дутый воротник Эта модель представлена на маркетплейсе, где можно найти самые редкие модели кроссовок. Эта модель представлена на маркетплейсе, где можно найти самые редкие модели кроссовок, о которых мечтают коллекционеры и любители streetwear по всему миру.",https://cdn-images.farfetch-contents.com/31/62/85/06/31628506_61001263_1000.jpg,Стиль;Aesthetics,На каждый день;streetwear
28670945,Обувь,28670945,кроссовки DMX Trail GTX,черный темно-синий завязка на шнурке массивный язычок градиентный эффект,https://cdn-images.farfetch-contents.com/28/67/09/45/28670945_58061607_1000.jpg,Стиль;Материал и состав,На каждый день;Кожа
31223118,Обувь,31223118,Cloud 6 Versa low-top sneakers,black textile upper lace-up fastening cloudtec cushioning logo detail rubber sole,https://cdn-images.farfetch-contents.com/31/22/31/18/31223118_60775086_1000.jpg,Стиль;Aesthetics,На каждый день;edgy
29073977,Обувь,29073977,кроссовки XT-6 Expanse,белый шнуровка спереди петля для подтягивания сзади уплотненная щиколотка резиновая подошва с протектором,https://cdn-images.farfetch-contents.com/29/07/39/77/29073977_58356142_1000.jpg,Стиль;Детали;Высота каблука;Форма носка;Материал и состав,На каждый день;На шнуровке;Плоский;Круглый;Синтетический материал
31568391,Обувь,31568391,кроссовки Trailgrip GTX,белый кожаный верх резиновая подошва вставки закругленный носок,https://cdn-images.farfetch-contents.com/31/56/83/91/31568391_60921538_1000.jpg,Стиль;Aesthetics,На каждый день;streetwear
23785887,Обувь,23785887,кроссовки Air Max Pulse Triple Black,"черный сетчатый дизайн шнуровка спереди окантовка из искусственной кожи кожаная отделка логотип на пятке светоотражающие детали нашивка с логотипом на язычке логотип Nike Swoosh закругленный носок стелька с логотипом резиновая подошва Max Air Эта модель представлена на маркетплейсе, где можно найти самые редкие модели кроссовок. Эта модель представлена на маркетплейсе, где можно найти самые редкие модели кроссовок, о которых мечтают коллекционеры и любители streetwear по всему миру.",https://cdn-images.farfetch-contents.com/23/78/58/87/23785887_55242511_1000.jpg,Conscious;Стиль;Aesthetics;Знаковые модели,Оценка Good On You: 3 из 5;На каждый день;streetwear;air max
29801884,Обувь,29801884,кроссовки Hopara 2,серый завязка на шнурке петля для подтягивания сзади резиновая подошва,https://cdn-images.farfetch-contents.com/29/80/18/84/29801884_58960092_1000.jpg,Стиль,На каждый день
29701993,Обувь,29701993,"Run Swift 3 ""Black"" sneakers","black  front lace-up fastening  signature Swoosh logo detail  mesh panelling   logo patch at the tongue  round toe  padded ankle  branded insole  contrasting rubber sole  Release date: September 22nd, 2023  These styles are supplied by a premium and authenticated sneaker marketplace. Stocking only the most sought-after footwear, they source and curate some of the most hard to find sneakers from around the world.  ",https://cdn-images.farfetch-contents.com/29/70/19/93/29701993_59109799_1000.jpg,Стиль;Aesthetics,На каждый день;streetwear
31580959,Обувь,31580959,кроссовки X-Alp,зеленый замша шнуровка дутый воротник резиновая подошва принт с логотипом,https://cdn-images.farfetch-contents.com/31/58/09/59/31580959_61326688_1000.jpg,Стиль;Детали;Высота каблука;Форма носка;Aesthetics,На каждый день;На шнуровке;Плоский;Круглый;edgy
22686085,Обувь,22686085,кроссовки Sabrina 1 Beyond The Game,серый сетчатые вставки логотип Nike Swoosh контрастные вставки закругленный носок шнуровка спереди тисненый логотип на язычке стелька с логотипом резиновая подошва,https://cdn-images.farfetch-contents.com/22/68/60/85/22686085_52934713_1000.jpg,Стиль;Aesthetics;Conscious,На каждый день;classic;Оценка Good On You: 3 из 5
26553979,Обувь,26553979,кроссовки Jasper Zionic,черный кожа шнуровка спереди резиновая подошва вспененная стелька знаковый дизайн Countoured Fit дизайн со вставками петля для подтягивания сзади уплотненная щиколотка сетчатая подкладка вышитый логотип сбоку язычок с вышитым логотипом знаковый бампер KEEN.PROTECT закругленный носок,https://cdn-images.farfetch-contents.com/26/55/39/79/26553979_56077000_1000.jpg,Aesthetics,edgy
30679306,Обувь,30679306,кроссовки TSC NYC Marathon,белый знаковый логотип N амортизация Fresh Foam резиновая подошва,https://cdn-images.farfetch-contents.com/30/67/93/06/30679306_59583649_1000.jpg,Стиль;Aesthetics,На каждый день;streetwear
31001042,Обувь,31001042,кроссовки Drift Trail,черный эффект красной краски шнуровка резиновая подошва фактурная подошва низкая модель,https://cdn-images.farfetch-contents.com/31/00/10/42/31001042_60163091_1000.jpg,Стиль;Aesthetics,На каждый день;edgy
23785926,Обувь,23785926,кроссовки Zoom Freak 2 Taxi,"черный шнуровка спереди дизайн со вставками петля для подтягивания сзади вышитый логотип сбоку логотип Nike Swoosh нашивка с логотипом на язычке закругленный носок стелька с логотипом резиновая подошва Дата выхода: 26 апреля 2024 Эта модель представлена на маркетплейсе, где можно найти самые редкие модели кроссовок. Эта модель представлена на маркетплейсе, где можно найти самые редкие модели кроссовок, о которых мечтают коллекционеры и любители streetwear по всему миру.",https://cdn-images.farfetch-contents.com/23/78/59/26/23785926_59642232_1000.jpg,Conscious;Знаковые модели;Стиль;Aesthetics,Оценка Good On You: 3 из 5;zoom;На каждый день;streetwear
29775786,Обувь,29775786,сумка Cons As-1 Pro из коллаборации с Alexis Sablone,белый шнуровка спереди контрастный задник с логотипом перфорированный носок нашивка в форме звезды сбоку,https://cdn-images.farfetch-contents.com/29/77/57/86/29775786_59086064_1000.jpg,Aesthetics;Стиль;Материал и состав;Детали;Высота каблука;Форма носка,streetwear;На каждый день;Кожа;На шнуровке;Плоский;Круглый
27652379,Обувь,27652379,кроссовки Cloudsurfer Next,черный шнуровка спереди логотип сбоку закругленный носок знаковая технология CloudTec® вспененный материал Helion™ резиновая подошва,https://cdn-images.farfetch-contents.com/27/65/23/79/27652379_57694352_1000.jpg,Стиль;Conscious,На каждый день;Оценка Good On You: 3 из 5
31559324,Обувь,31559324,кроссовки 12Alpha 3 PE,"темно-синий кожаный верх дутый воротник металлические люверсы Эта модель представлена на маркетплейсе, где можно найти самые редкие модели кроссовок. Эта модель представлена на маркетплейсе, где можно найти самые редкие модели кроссовок, о которых мечтают коллекционеры и любители streetwear по всему миру.",https://cdn-images.farfetch-contents.com/31/55/93/24/31559324_60962001_1000.jpg,Стиль;Aesthetics,На каждый день;streetwear
29879737,Обувь,29879737,кроссовки Terrex Trailmaker 2 GTX из коллаборации с National Geographic,черный/зеленый/серый система быстрой шнуровки петля для подтягивания сзади резиновая подошва Continental™ водонепроницаемый материал GORE-TEX,https://cdn-images.farfetch-contents.com/29/87/97/37/29879737_59584185_1000.jpg,Стиль;Aesthetics;Знаковые модели,На каждый день;streetwear;continental
30748059,Обувь,30748059,кроссовки Ultra 100 GTX,черный оранжевая отделка шнуровка резиновая подошва низкий профиль,https://cdn-images.farfetch-contents.com/30/74/80/59/30748059_61056855_1000.jpg,Aesthetics,streetwear
31245173,Обувь,31245173,кроссовки Gel Quantum 360 l Amp,серый амортизация GEL шнуровка резиновая подошва,https://cdn-images.farfetch-contents.com/31/24/51/73/31245173_60928721_1000.jpg,Стиль;Aesthetics,На каждый день;streetwear
27599060,Обувь,27599060,кроссовки Gel-Kinetic Fluent,"белый шнуровка спереди язычок с логотипом светоотражающие детали Это унисекс-модель. Обратите внимание, что для нее используется мужская размерная сетка.",https://cdn-images.farfetch-contents.com/27/59/90/60/27599060_57571718_1000.jpg,Conscious;Aesthetics;Материал и состав,Оценка Good On You: 3 из 5;streetwear;Синтетический материал
31067458,Обувь,31067458,кроссовки Fresh Foam X Hierro V9,желтый прослойка подошвы Fresh Foam X шнуровка вышитый логотип петля для подтягивания сетчатый верх,https://cdn-images.farfetch-contents.com/31/06/74/58/31067458_60360914_1000.jpg,Стиль;Aesthetics,На каждый день;streetwear
29943612,Обувь,29943612,кроссовки Cloudtilt 2 Pink/White из коллаборации с Loewe,"белый шнуровка спереди петля для подтягивания сзади петля для подтягивания с логотипом логотип сбоку вышитый узор Anagram закругленный носок уплотненная щиколотка знаковая технология CloudTec® резиновая подошва Эта модель представлена на маркетплейсе, где можно найти самые редкие модели кроссовок. Эта модель представлена на маркетплейсе, где можно найти самые редкие модели кроссовок, о которых мечтают коллекционеры и любители streetwear по всему миру.",https://cdn-images.farfetch-contents.com/29/94/36/12/29943612_59110372_1000.jpg,Стиль;Aesthetics,На каждый день;streetwear
24072971,Обувь,24072971,кроссовки Cloud X Z5,черный сетчатый дизайн завязка на шнурке логотип на заднике петля для подтягивания сзади тисненый логотип на язычке тисненый логотип сбоку закругленный носок стелька с логотипом цельная подкладка технология CloudTec® массивная резиновая подошва,https://cdn-images.farfetch-contents.com/24/07/29/71/24072971_55976950_1000.jpg,Conscious;Aesthetics;Материал и состав;Высота каблука;Форма носка,Оценка Good On You: 3 из 5;edgy;Синтетический материал;Плоский;Круглый
30652909,Обувь,30652909,кроссовки Moab Speed 2,зеленый сетчатые вставки шнуровка резиновая подошва,https://cdn-images.farfetch-contents.com/30/65/29/09/30652909_61089788_1000.jpg,Стиль;Aesthetics,На каждый день;streetwear
29035137,Обувь,29035137,кроссовки Gel-Kayano 14 Tiffany,"светло-серый шнуровка спереди полоски Tiger нашивка с логотипом на язычке закругленный носок знаковая технология GEL™ резиновая подошва Эта модель представлена на маркетплейсе, где можно найти самые редкие модели кроссовок. Эта модель представлена на маркетплейсе, где можно найти самые редкие модели кроссовок, о которых мечтают коллекционеры и любители streetwear по всему миру.",https://cdn-images.farfetch-contents.com/29/03/51/37/29035137_58229297_1000.jpg,Стиль;Материал и состав,На каждый день;Синтетический материал
29545735,Обувь,29545735,кроссовки Gel-NYC,голубой шнуровка спереди уплотненная щиколотка технология GEL™ резиновая подошва,https://cdn-images.farfetch-contents.com/29/54/57/35/29545735_58883008_1000.jpg,Стиль;Детали;Высота каблука;Форма носка;Материал и состав,На каждый день;На шнуровке;Плоский;Круглый;Замша
24946977,Обувь,24946977,кроссовки 9060 Black Phantom/Charcoal,"черный/угольно-серый замша сетчатые вставки логотип-аппликация закругленный носок шнуровка спереди стелька с логотипом подошва с технологией ABZORB® массивная резиновая подошва Эта модель представлена на маркетплейсе, где можно найти самые редкие модели кроссовок. Эта модель представлена на маркетплейсе, где можно найти самые редкие модели кроссовок, о которых мечтают коллекционеры и любители streetwear по всему миру.",https://cdn-images.farfetch-contents.com/24/94/69/77/24946977_55573213_1000.jpg,Форма носка;Детали;Высота каблука;Aesthetics;Conscious;Материал и состав,Круглый;На шнуровке;Плоский;streetwear;Оценка Good On You: 3 из 5;Замша
31027735,Обувь,31027735,кроссовки Phantom GT Elite Lime Glow,"светло-зеленый верх из Flyknit фактурный узор шнуровка воротник подошва с заклепками Эта модель представлена на маркетплейсе, где можно найти самые редкие модели кроссовок. Эта модель представлена на маркетплейсе, где можно найти самые редкие модели кроссовок, о которых мечтают коллекционеры и любители streetwear по всему миру.",https://cdn-images.farfetch-contents.com/31/02/77/35/31027735_61008552_1000.jpg,Стиль;Знаковые модели;Aesthetics,На каждый день;flyknit;streetwear
29628856,Обувь,29628856,кроссовки Air Max Alpha Trainer 5 Black/White,"черный шнуровка спереди двойная петля для подтягивания логотип Nike Swoosh закругленный носок уплотненная щиколотка подошва Air Max резиновая подошва Эта модель представлена на маркетплейсе, где можно найти самые редкие модели кроссовок. Эта модель представлена на маркетплейсе, где можно найти самые редкие модели кроссовок, о которых мечтают коллекционеры и любители streetwear по всему миру.",https://cdn-images.farfetch-contents.com/29/62/88/56/29628856_59108373_1000.jpg,Знаковые модели;Стиль;Aesthetics,air max;На каждый день;streetwear
31640599,Обувь,31640599,XT-6  S-Lab sneakers,orange  yellow accents  quicklace system  rubber outsole  S-Lab branding  ,https://cdn-images.farfetch-contents.com/31/64/05/99/31640599_61249576_1000.jpg,,
30025434,Обувь,30025434,кроссовки Total 90 3 SP White/Metallic Gold,"белый шнуровка спереди контрастный задник с логотипом логотип сзади логотип Nike Swoosh Дата выпуска: 1 мая 2025 года Эта модель представлена на маркетплейсе, где можно найти самые редкие модели кроссовок. Эта модель представлена на маркетплейсе, где можно найти самые редкие модели кроссовок, о которых мечтают коллекционеры и любители streetwear по всему миру.",https://cdn-images.farfetch-contents.com/30/02/54/34/30025434_59445407_1000.jpg,Стиль;Aesthetics,На каждый день;classic
30718843,Обувь,30718843,кроссовки Phantom 4 с камуфляжным принтом,черный камуфляжный принт шнуровка резиновая подошва низкая модель,https://cdn-images.farfetch-contents.com/30/71/88/43/30718843_59986519_1000.jpg,Стиль;Aesthetics,На каждый день;classic
31305008,Обувь,31305008,кроссовки Cloudmonster,черный натуральная резиновая подошва сетчатый верх шнуровка низкая модель дутый воротник,https://cdn-images.farfetch-contents.com/31/30/50/08/31305008_60788464_1000.jpg,Стиль;Aesthetics,На каждый день;edgy
28899670,Обувь,28899670,кроссовки Cloudvista 2,серо-коричневый шнуровка спереди массивная резиновая подошва логотип сбоку дизайн со вставками,https://cdn-images.farfetch-contents.com/28/89/96/70/28899670_58028890_1000.jpg,Стиль;Детали;Высота каблука;Форма носка,На каждый день;На шнуровке;Плоский;Круглый
24265382,Обувь,24265382,кроссовки S-Gendo Run,черный/светло-серый сетчатый дизайн дизайн со вставками вставки из замши и кожи знаковый логотип 3-Stripes логотип сбоку язычок с вышитым логотипом закругленный носок шнуровка спереди петля для подтягивания с логотипом модель без подкладки кожаная стелька с логотипом массивная резиновая подошва,https://cdn-images.farfetch-contents.com/24/26/53/82/24265382_54352683_1000.jpg,Conscious;Стиль;Aesthetics,Оценка Good On You: 3 из 5;На каждый день;streetwear
31426933,Обувь,31426933,кроссовки Adizero Evo SL,темно-зеленый три полоски шнуровка резиновая подошва,https://cdn-images.farfetch-contents.com/31/42/69/33/31426933_60992473_1000.jpg,Стиль;Aesthetics,На каждый день;streetwear
30970618,Обувь,30970618,сетчатые кроссовки с полосками,бежевый кожа сетчатый верх три бордовые полоски шнурки резиновая подошва,https://cdn-images.farfetch-contents.com/30/97/06/18/30970618_60834163_1000.jpg,Стиль;Детали;Высота каблука;Форма носка;Aesthetics,На каждый день;На шнуровке;Плоский;Круглый;minimal
31566653,Обувь,31566653,кроссовки Cloudmonster Lumos,черный технология Cloudtec подошва superfoam резиновая подошва,https://cdn-images.farfetch-contents.com/31/56/66/53/31566653_60893139_1000.jpg,Aesthetics,streetwear
24073341,Обувь,24073341,кроссовки Cloud X Z5,серый сетчатый дизайн завязка на шнурке логотип на заднике петля для подтягивания сзади тисненый логотип на язычке тисненый логотип сбоку закругленный носок стелька с логотипом цельная подкладка технология CloudTec® массивная резиновая подошва,https://cdn-images.farfetch-contents.com/24/07/33/41/24073341_55976246_1000.jpg,Conscious;Aesthetics;Высота каблука;Форма носка;Материал и состав,Оценка Good On You: 3 из 5;streetwear;Плоский;Круглый;Синтетический материал
31222480,Обувь,31222480,Cloudsurfer Trail 2 sneakers,black breathable mesh upper cloudtec cushioning lace-up fastening,https://cdn-images.farfetch-contents.com/31/22/24/80/31222480_60775175_1000.jpg,Стиль;Aesthetics,На каждый день;edgy
30927574,Обувь,30927574,кроссовки Cloudsurfer Max,белый дышащий трикотажный верх шнуровка скульптурная подошва технология Cloudtec петля для подтягивания,https://cdn-images.farfetch-contents.com/30/92/75/74/30927574_61075836_1000.jpg,Стиль;Aesthetics,На каждый день;streetwear
21071405,Обувь,21071405,кроссовки Gel-1130 Gallery Department Oyster Grey/Clay Grey,"серый/белый сетчатый дизайн дизайн со вставками шнуровка спереди миндалевидный носок нашивка с логотипом на язычке стелька с логотипом резиновая подошва Эта модель представлена на маркетплейсе, где можно найти самые редкие модели кроссовок, о которых мечтают коллекционеры и любители streetwear по всему миру.",https://cdn-images.farfetch-contents.com/21/07/14/05/21071405_55596526_1000.jpg,Стиль;Детали;Высота каблука;Форма носка;Aesthetics;Conscious,На каждый день;На шнуровке;Плоский;Миндалевидный;streetwear;Оценка Good On You: 3 из 5
25488785,Обувь,25488785,кроссовки 530 White,"белый искусственная кожа сетчатые вставки логотип-аппликация закругленный носок шнуровка спереди язычок с логотипом петля для подтягивания сзади стелька с логотипом резиновая подошва подошва с технологией ABZORB® Эта модель представлена на маркетплейсе, где можно найти самые редкие модели кроссовок. Эта модель представлена на маркетплейсе, где можно найти самые редкие модели кроссовок, о которых мечтают коллекционеры и любители streetwear по всему миру.",https://cdn-images.farfetch-contents.com/25/48/87/85/25488785_55711683_1000.jpg,Aesthetics;Conscious;Детали;Высота каблука;Форма носка,streetwear;Оценка Good On You: 3 из 5;На шнуровке;Плоский;Круглый
22325118,Обувь,22325118,кроссовки Dunk Low из коллаборации с Kyler Murray,"белый/розовое золото петля для подтягивания сзади носочная деталь логотип на пятке логотип Nike Swoosh нашивка с логотипом на язычке шнуровка спереди перфорированный носок закругленный носок подошва с заклепками Эта модель представлена на авторизованном маркетплейсе, где можно найти самые редкие модели кроссовок, о которых мечтают коллекционеры и любители streetwear по всему миру.",https://cdn-images.farfetch-contents.com/22/32/51/18/22325118_52257121_1000.jpg,Aesthetics;Conscious;Высота каблука;Форма носка;Материал и состав;Знаковые модели,streetwear;Оценка Good On You: 3 из 5;Плоский;Круглый;Кожа;dunk
29703003,Обувь,29703003,кроссовки Cloudflyer Grey/Orange,"светло-серый шнуровка спереди логотип на пятке логотип сбоку язычок с логотипом закругленный носок стелька с логотипом резиновая подошва Эта модель представлена на маркетплейсе, где можно найти самые редкие модели кроссовок. Эта модель представлена на маркетплейсе, где можно найти самые редкие модели кроссовок, о которых мечтают коллекционеры и любители streetwear по всему миру.",https://cdn-images.farfetch-contents.com/29/70/30/03/29703003_58897222_1000.jpg,Стиль,На каждый день
31551149,Обувь,31551149,Air Max TL 2.5 low-top sneakers,white  grey accents  purple Swoosh logo  Max Air cushioning  textured upper  rubber sole  ,https://cdn-images.farfetch-contents.com/31/55/11/49/31551149_60875153_1000.jpg,Знаковые модели;Стиль;Детали;Высота каблука;Форма носка;Aesthetics;Материал и состав,air max;На каждый день;На шнуровке;Плоский;Миндалевидный;streetwear;Кожа
31341749,Обувь,31341749,кроссовки Cloudnova Form 2,серый шнуровка форма Cloudnova верх из фактурной ткани резиновая подошва петля для подтягивания,https://cdn-images.farfetch-contents.com/31/34/17/49/31341749_60942109_1000.jpg,Стиль;Aesthetics,На каждый день;streetwear
31356471,Обувь,31356471,кроссовки Abzorb U2000 EA,черный скульптурная рифленая подошва сетчатый верх шнуровка уплотненная щиколотка,https://cdn-images.farfetch-contents.com/31/35/64/71/31356471_60831189_1000.jpg,Детали;Высота каблука;Форма носка;Стиль;Aesthetics;Материал и состав,На шнуровке;Плоский;Круглый;На каждый день;streetwear;Синтетический материал
31168515,Обувь,31168515,ботинки с логотипом,черный водонепроницаемый материал шнуровка дутый воротник резиновая подошва логотип,https://cdn-images.farfetch-contents.com/31/16/85/15/31168515_61094000_1000.jpg,Стиль;Aesthetics,На каждый день;classic
31191442,Обувь,31191442,кроссовки Bondi 9,бежевый перфорация шнуровка,https://cdn-images.farfetch-contents.com/31/19/14/42/31191442_60442215_1000.jpg,Детали;Высота каблука;Форма носка;Aesthetics,На шнуровке;Плоский;Миндалевидный;streetwear
29478174,Обувь,29478174,кроссовки Cloudmonster Void,черный шнуровка спереди резиновая подошва язычок с логотипом миндалевидный носок,https://cdn-images.farfetch-contents.com/29/47/81/74/29478174_58461211_1000.jpg,Стиль,На каждый день
29377742,Обувь,29377742,кроссовки Wave Ultima,индиго шнуровка спереди логотип на пятке логотип сбоку нашивка с логотипом на язычке,https://cdn-images.farfetch-contents.com/29/37/77/42/29377742_58463148_1000.jpg,,
26722796,Обувь,26722796,кроссовки XT-6 Expanse,лиловый шнуровка спереди петля для подтягивания с логотипом массивная резиновая подошва логотип сбоку,https://cdn-images.farfetch-contents.com/26/72/27/96/26722796_57019041_1000.jpg,Стиль;Детали;Форма носка;Aesthetics;Conscious;Материал и состав,На каждый день;На шнуровке;Круглый;streetwear;Оценка Good On You: 3 из 5;Резина
29562123,Обувь,29562123,кроссовки MXR,черный шнуровка спереди петля для подтягивания сзади уплотненная щиколотка плоская резиновая подошва,https://cdn-images.farfetch-contents.com/29/56/21/23/29562123_58711214_1000.jpg,Стиль;Детали;Высота каблука;Форма носка;Материал и состав,На каждый день;На шнуровке;Плоский;Круглый;Переработанный материал
29583352,Обувь,29583352,кроссовки ProGrid Triumph 4 Saucony & Friends,"кремовый перфорация резиновая подошва шнуровка вставки из хаки Эта модель представлена на маркетплейсе, где можно найти самые редкие модели кроссовок. Эта модель представлена на маркетплейсе, где можно найти самые редкие модели кроссовок, о которых мечтают коллекционеры и любители streetwear по всему миру.",https://cdn-images.farfetch-contents.com/29/58/33/52/29583352_61138557_1000.jpg,Стиль;Aesthetics,На каждый день;streetwear
13158203,Обувь,13158203,кроссовки Air Jordan 4 Retro,"Кроссовки 'Air Jordan 4 Retro' от jordan. Миндалевидный носок, шнуровка спереди, заплатка с логотипом на язычке, панели в сетку, фирменная стелька, уплотненная щиколотка, фирменный дизайн каблука и фирменная стелька Nike Air.  Цвет: черный, оранжевый, синий.",https://cdn-images.farfetch-contents.com/13/15/82/03/13158203_15156194_1000.jpg,Стиль;Aesthetics;Conscious;Знаковые модели;Материал и состав,На каждый день;streetwear;Оценка Good On You: 3 из 5;air jordan 4;Кожа
22936231,Обувь,22936231,кроссовки XT-4 OG,светло-серый серо-зеленый сетчатые вставки знаковый декор Agile Chassis™ Skeleton система быстрой шнуровки логотип на заднике уплотненная щиколотка логотип сбоку светоотражающие детали нашивка с логотипом на язычке закругленный носок резиновый носок сетчатая подкладка стелька с логотипом массивная резиновая подошва,https://cdn-images.farfetch-contents.com/22/93/62/31/22936231_53089067_1000.jpg,Стиль;Aesthetics;Conscious,На каждый день;streetwear;Оценка Good On You: 3 из 5
29580608,Обувь,29580608,кроссовки Gel-Nunobiki,белый шнуровка спереди петля для подтягивания сзади технология GEL™ резиновая подошва,https://cdn-images.farfetch-contents.com/29/58/06/08/29580608_58773818_1000.jpg,Стиль;Детали;Высота каблука;Форма носка;Материал и состав,На каждый день;На шнуровке;Плоский;Круглый;Кожа
29626257,Обувь,29626257,кроссовки Kaiwa,красный шнуровка спереди носочная деталь массивная резиновая подошва перфорированный носок,https://cdn-images.farfetch-contents.com/29/62/62/57/29626257_58689581_1000.jpg,Стиль;Детали;Высота каблука;Форма носка;Материал и состав,На каждый день;На шнуровке;Плоский;Миндалевидный;Кожа
30653452,Обувь,30653452,кроссовки Moab Speed 2 с сетчатыми вставками,бежевый сетчатые вставки шнуровка,https://cdn-images.farfetch-contents.com/30/65/34/52/30653452_61087255_1000.jpg,Стиль;Aesthetics,На каждый день;streetwear
16813221,Обувь,16813221,кроссовки Zoom MMW 4,"Закругленный носок, плоская резиновая подошва, шнуровка спереди, стелька с логотипом и массивная резиновая подошва. Эта модель представлена на маркетплейсе, где можно найти самые редкие модели кроссовок, о которых мечтают коллекционеры и любители streetwear по всему миру.",https://cdn-images.farfetch-contents.com/16/81/32/21/16813221_33225687_1000.jpg,Стиль;Aesthetics;Conscious;Высота каблука;Форма носка;Знаковые модели;Материал и состав,На каждый день;edgy;Оценка Good On You: 3 из 5;Плоский;Круглый;zoom;Хлопок
12960328,Обувь,12960328,кроссовки Yeezy Boost 350 V2 Cream/Triple White,"цвет: белый верх из материала Primeknit стелька с логотипом петля для подтягивания с логотипом миндалевидный носок шнуровка спереди средний слой подошвы с амортизацией Boost плоская резиновая подошва Эта модель представлена на маркетплейсе, где можно найти самые редкие модели кроссовок, о которых мечтают коллекционеры и любители streetwear по всему миру.",https://cdn-images.farfetch-contents.com/12/96/03/28/12960328_23445015_1000.jpg,Aesthetics;Высота каблука;Стиль;Форма носка;Знаковые модели,streetwear;Плоский;На каждый день;Круглый;boost
30676702,Обувь,30676702,кроссовки Air Winflo 11 со стегаными вставками,"черный стеганый верх амортизация Air низкая модель Эта модель представлена на маркетплейсе, где можно найти самые редкие модели кроссовок. Эта модель представлена на маркетплейсе, где можно найти самые редкие модели кроссовок, о которых мечтают коллекционеры и любители streetwear по всему миру.",https://cdn-images.farfetch-contents.com/30/67/67/02/30676702_61194478_1000.jpg,Стиль;Aesthetics,На каждый день;edgy
31677424,Обувь,31677424,кроссовки Terraskin X00-c на скульптурной подошве,белый трикотажный верх шнуровка структурированная подошва узор оранжевая отделка,https://cdn-images.farfetch-contents.com/31/67/74/24/31677424_61109759_1000.jpg,Стиль;Aesthetics,На каждый день;streetwear
29578786,Обувь,29578786,кроссовки Cloudhorizon,серо-коричневый шнуровка спереди петля для подтягивания с логотипом промежуточная амортизирующая подошва Cloudfoam массивная резиновая подошва,https://cdn-images.farfetch-contents.com/29/57/87/86/29578786_58902274_1000.jpg,,
21842193,Обувь,21842193,кроссовки UltraBoost 22,красный технология Primeknit знаковый логотип 3-Stripes шнуровка спереди закругленный носок нашивка с логотипом на язычке стелька с логотипом резиновая подошва Continental™,https://cdn-images.farfetch-contents.com/21/84/21/93/21842193_58069598_1000.jpg,Стиль;Знаковые модели,На каждый день;ultraboost
31604557,Обувь,31604557,кроссовки Cloud X,цвет слоновой кости шнуровка резиновая подошва,https://cdn-images.farfetch-contents.com/31/60/45/57/31604557_61077333_1000.jpg,Стиль;Aesthetics,На каждый день;streetwear
31070674,Обувь,31070674,кроссовки Climacool,кремовый шнуровка перфорация скульптурная подошва плоская резиновая подошва,https://cdn-images.farfetch-contents.com/31/07/06/74/31070674_60471725_1000.jpg,Стиль;Детали;Форма носка;Aesthetics;Материал и состав,На каждый день;На шнуровке;Круглый;streetwear;Синтетический материал
30739658,Обувь,30739658,кроссовки хайкеры с сетчатыми вставками,черный сетчатый верх подошва с узором шнуровка уплотненная щиколотка подошва с протектором,https://cdn-images.farfetch-contents.com/30/73/96/58/30739658_61046906_1000.jpg,Aesthetics,minimal
23761830,Обувь,23761830,кроссовки GEL-NYC Special Box Green из коллаборации с HIDDEN.NY,"белый/зеленый полоски Tiger закругленный носок шнуровка спереди петля для подтягивания сзади стелька с логотипом резиновая подошва Эта модель представлена на маркетплейсе, где можно найти самые редкие модели кроссовок. Эта модель представлена на маркетплейсе, где можно найти самые редкие модели кроссовок, о которых мечтают коллекционеры и любители streetwear по всему миру. знаковая технология GEL™",https://cdn-images.farfetch-contents.com/23/76/18/30/23761830_53720329_1000.jpg,Aesthetics;Стиль;Conscious,streetwear;На каждый день;Оценка Good On You: 3 из 5
31640594,Обувь,31640594,XT-6 S-Lab sneakers,yellow  contrasting accents  quicklace system  S-Lab branding  ,https://cdn-images.farfetch-contents.com/31/64/05/94/31640594_61249584_1000.jpg,Стиль,На каждый день
29675421,Обувь,29675421,кроссовки V2K Run,белый шнуровка спереди резиновая подошва петля для подтягивания сзади логотип Swoosh,https://cdn-images.farfetch-contents.com/29/67/54/21/29675421_58691635_1000.jpg,Детали;Форма носка;Материал и состав,На шнуровке;Миндалевидный;Кожа
31684824,Обувь,31684824,Orava Advanced sneakers,black  textured knit upper  quickLACE™ system  padded collar  rubber sole  ,https://cdn-images.farfetch-contents.com/31/68/48/24/31684824_61225678_1000.jpg,Стиль;Детали;Высота каблука;Форма носка,На каждый день;На шнуровке;Плоский;Закрытый
30308437,Обувь,30308437,low-top lace-up sneakers,black and white silver-tone logo lace-up fastening low-top design,https://cdn-images.farfetch-contents.com/30/30/84/37/30308437_60787240_1000.jpg,Стиль;Aesthetics,На каждый день;streetwear
31504318,Обувь,31504318, кроссовки Adios Pro со вставками,белый кожаный верх вставка черного цвета шнуровка резиновая подошва,https://cdn-images.farfetch-contents.com/31/50/43/18/31504318_60837037_1000.jpg,Стиль;Aesthetics,На каждый день;classic
30753500,Обувь,30753500,зимние ботинки Buxton,коричневый верх из замши резиновая подошва водонепроницаемый материал петля для подтягивания,https://cdn-images.farfetch-contents.com/30/75/35/00/30753500_61235607_1000.jpg,,
28127558,Обувь,28127558,кроссовки Clifton One9,синий сетчатый верх резиновая подошва шнуровка уплотненная щиколотка,https://cdn-images.farfetch-contents.com/28/12/75/58/28127558_60288551_1000.jpg,Детали;Aesthetics;Материал и состав,На шнуровке;streetwear;Синтетический материал
29295188,Обувь,29295188,кроссовки Cloud 6,серо-коричневый шнуровка спереди уплотненная щиколотка знаковая технология CloudTec® пластина Speedboard™,https://cdn-images.farfetch-contents.com/29/29/51/88/29295188_58372267_1000.jpg,Стиль,На каждый день
21684943,Обувь,21684943,кроссовки Supernova 2,"черный дышащий сетчатый верх логотип 3-Stripes шнуровка скульптурная подошва резиновая подошва Эта модель представлена на маркетплейсе, где можно найти самые редкие модели кроссовок, о которых мечтают коллекционеры и любители streetwear по всему миру.",https://cdn-images.farfetch-contents.com/21/68/49/43/21684943_60873467_1000.jpg,Стиль;Детали;Высота каблука;Форма носка;Aesthetics,На каждый день;На шнуровке;Плоский;Круглый;classic
29925039,Обувь,29925039,кроссовки Premier Road Ultra Ltd,светло-серый шнуровка спереди уплотненная щиколотка резиновая подошва вставки,https://cdn-images.farfetch-contents.com/29/92/50/39/29925039_59230101_1000.jpg,Стиль;Aesthetics;Материал и состав,На каждый день;streetwear;Кожа
29303263,Обувь,29303263,кроссовки Wave Mujin LS GTX,черный шнуровка спереди петля для подтягивания сзади уплотненная щиколотка подошва Vibram®,https://cdn-images.farfetch-contents.com/29/30/32/63/29303263_58665154_1000.jpg,Стиль;Детали;Высота каблука;Форма носка,На каждый день;На шнуровке;Плоский;Круглый
30225136,Обувь,30225136,кроссовки Cloud 5 Push Hay/Acacia,"пастельно-желтый шнуровка спереди дизайн со вставками тисненый логотип сбоку тисненый логотип на язычке закругленный носок резиновая подошва Эта модель представлена на маркетплейсе, где можно найти самые редкие модели кроссовок. Эта модель представлена на маркетплейсе, где можно найти самые редкие модели кроссовок, о которых мечтают коллекционеры и любители streetwear по всему миру.",https://cdn-images.farfetch-contents.com/30/22/51/36/30225136_59680165_1000.jpg,Стиль;Aesthetics,На каждый день;edgy
29818093,Обувь,29818093,кроссовки Cloudswift Olive/Thorn,"зеленый шнуровка спереди сетчатый дизайн тисненый логотип сбоку язычок с логотипом закругленный носок стелька с логотипом резиновая подошва Эта модель представлена на маркетплейсе, где можно найти самые редкие модели кроссовок. Эта модель представлена на маркетплейсе, где можно найти самые редкие модели кроссовок, о которых мечтают коллекционеры и любители streetwear по всему миру.",https://cdn-images.farfetch-contents.com/29/81/80/93/29818093_58904233_1000.jpg,Стиль,На каждый день
31559361,Обувь,31559361,кроссовки Vapor Edge,"синий подошва с протектором замшевый верх узор в мелкую точку Эта модель представлена на маркетплейсе, где можно найти самые редкие модели кроссовок. Эта модель представлена на маркетплейсе, где можно найти самые редкие модели кроссовок, о которых мечтают коллекционеры и любители streetwear по всему миру.",https://cdn-images.farfetch-contents.com/31/55/93/61/31559361_60990001_1000.jpg,Стиль;Aesthetics,На каждый день;streetwear
21954789,Обувь,21954789,кроссовки Air Jordan Max Aura 4 Cool Grey,"Серый, телячья кожа, лакированная отделка, сетчатые вставки, логотип Jumpman, закругленный носок, шнуровка спереди, стелька с логотипом и резиновая подошва. Эта модель представлена на маркетплейсе, где можно найти самые редкие модели кроссовок, о которых мечтают коллекционеры и любители streetwear по всему миру.",https://cdn-images.farfetch-contents.com/21/95/47/89/21954789_52033413_1000.jpg,Стиль;Aesthetics;Conscious;Высота каблука;Форма носка;Материал и состав;Знаковые модели,На каждый день;streetwear;Оценка Good On You: 3 из 5;Плоский;Круглый;Кожа;jordan
28928823,Обувь,28928823,кроссовки Cloud 6,голубой шнуровка спереди знаковая технология CloudTec® пластина Speedboard™ логотип на пятке,https://cdn-images.farfetch-contents.com/28/92/88/23/28928823_58253913_1000.jpg,Стиль;Детали;Высота каблука;Форма носка,На каждый день;На шнуровке;Плоский;Круглый
23043311,Обувь,23043311,сетчатые кроссовки Cloudrunner,черный/белый сетчатый дизайн optimal impact protection вентилируемая модель логотип сбоку и на язычке отделка лентой с логотипом логотип на пятке закругленный носок шнуровка спереди уплотненная щиколотка логотип на стельке технология CloudTec® с подошвой из пены Zero-Gravity массивная резиновая подошва,https://cdn-images.farfetch-contents.com/23/04/33/11/23043311_53208689_1000.jpg,Стиль;Aesthetics;Conscious,На каждый день;classic;Оценка Good On You: 3 из 5
24689442,Обувь,24689442,кроссовки LaFrancé Moment Alpine Snow из коллаборации с LaMelo Ball,"светло-бежевый шнуровка спереди петля для подтягивания сзади логотип на пятке язычок с логотипом массивный язычок бирка с логотипом закругленный носок подошва из этиленвинилацетата (EVA) логотип на подошве плоская подошва Дата выпуска: 5 июля 2024 года Эта модель представлена на маркетплейсе, где можно найти самые редкие модели кроссовок. Эта модель представлена на маркетплейсе, где можно найти самые редкие модели кроссовок, о которых мечтают коллекционеры и любители streetwear по всему миру.",https://cdn-images.farfetch-contents.com/24/68/94/42/24689442_58841480_1000.jpg,Conscious;Стиль;Материал и состав,Оценка Good On You: 4 из 5;На каждый день;Кожа
23806474,Обувь,23806474,кроссовки V2K Run Pure Platinum/Metallic Silver,"белый/серебристый сетчатый дизайн логотип Nike Swoosh нашивка с логотипом на язычке светоотражающие детали окантовка из искусственной кожи закругленный носок шнуровка спереди петля для подтягивания сзади стелька с логотипом массивная резиновая подошва Эта модель представлена на маркетплейсе, где можно найти самые редкие модели кроссовок, о которых мечтают коллекционеры и любители streetwear по всему миру.",https://cdn-images.farfetch-contents.com/23/80/64/74/23806474_53810516_1000.jpg,Стиль;Aesthetics;Conscious,На каждый день;streetwear;Оценка Good On You: 3 из 5
24297818,Обувь,24297818,кроссовки 530 Sea Salt/White/Ginger Lemon/Silver Metallic,"белый сетчатый дизайн логотип-аппликация язычок с логотипом окантовка из искусственной кожи закругленный носок шнуровка спереди петля для подтягивания сзади стелька с логотипом подошва с технологией ABZORB® резиновая подошва Эта модель представлена на маркетплейсе, где можно найти самые редкие модели кроссовок. Эта модель представлена на маркетплейсе, где можно найти самые редкие модели кроссовок, о которых мечтают коллекционеры и любители streetwear по всему миру.",https://cdn-images.farfetch-contents.com/24/29/78/18/24297818_54393757_1000.jpg,Стиль;Детали;Форма носка;Aesthetics;Conscious,На каждый день;На шнуровке;Круглый;streetwear;Оценка Good On You: 3 из 5
26685070,Обувь,26685070,кроссовки Air Force 1 из коллаборации с Jason Voorhees,"белый телячья кожа шнуровка спереди логотип на пятке логотип Nike Swoosh нашивка с логотипом на язычке перфорированный носок закругленный носок стелька с логотипом подошва с технологией Air резиновая подошва Эта модель представлена на маркетплейсе, где можно найти самые редкие модели кроссовок. Эта модель представлена на маркетплейсе, где можно найти самые редкие модели кроссовок, о которых мечтают коллекционеры и любители streetwear по всему миру.",https://cdn-images.farfetch-contents.com/26/68/50/70/26685070_56690401_1000.jpg,Conscious;Стиль;Aesthetics;Знаковые модели,Оценка Good On You: 3 из 5;На каждый день;classic;air force 1
31531968,Обувь,31531968,кроссовки Terrex Free Hiker 2.0,серый резиновая подошва Continental™ промежуточная подошва Boost мембрана Gore-Tex® шнуровка,https://cdn-images.farfetch-contents.com/31/53/19/68/31531968_60979397_1000.jpg,Стиль;Знаковые модели;Aesthetics,На каждый день;continental;streetwear
31223161,Обувь,31223161,Cloud 6 Versa low-top sneakers,white slip-on design lace-up closure rubber outsole,https://cdn-images.farfetch-contents.com/31/22/31/61/31223161_60787289_1000.jpg,Aesthetics,streetwear
21996383,Обувь,21996383,кроссовки Zoom 2k,"Кроссовки Zoom 2k от Nike (Найки). Резиновая подошва, петля для подтягивания сзади, шнуровка спереди, фирменная галочка Nike и закругленный носок. Цвет: разноцветный. Модель в стиле унисекс. ",https://cdn-images.farfetch-contents.com/21/99/63/83/21996383_51835050_1000.jpg,Стиль;Aesthetics;Conscious;Тип каблука;Форма носка;Материал и состав;Высота каблука;Знаковые модели,На каждый день;streetwear;Оценка Good On You: 3 из 5;Каблук на платформе;Круглый;Кожа;Плоский;zoom
